City_ID,City,Lat,Lng,Max Temp,Humidity,Cloudiness,Wind Speed,Country,Date
0,qaanaaq,77.484,-69.3632,-20.06,65,6,3.51,GL,1679325098
1,brae,60.3964,-1.353,6.23,62,73,2.83,GB,1679325098
2,te anau,-45.4167,167.7167,7.53,94,100,2.24,NZ,1679325099
3,san patricio,28.017,-97.5169,15.91,61,100,2.93,US,1679325099
4,olafsvik,64.8945,-23.7142,-0.06,72,90,5.63,IS,1679325099
5,nantucket,41.2835,-70.0995,6.08,49,0,7.2,US,1679325100
6,atuona,-9.8,-139.0333,26.51,72,6,6.56,PF,1679325100
7,pathalgaon,22.5667,83.4667,22.93,41,62,0.8,IN,1679325101
8,rikitea,-23.1203,-134.9692,26.26,78,12,4.53,PF,1679325101
9,puerto ayora,-0.7393,-90.3518,29.98,87,17,2.68,EC,1679325014
10,lodja,-3.4833,23.4333,23.53,81,99,0.82,CD,1679325101
11,port alfred,-33.5906,26.891,24.97,72,94,5.96,ZA,1679324879
12,lebu,-37.6167,-73.65,15.33,57,50,8.03,CL,1679325103
13,mataura,-46.1927,168.8643,8.03,99,100,6.57,NZ,1679325103
14,bredasdorp,-34.5322,20.0403,23.35,41,86,8.94,ZA,1679325103
15,frankfort,-27.2667,28.4833,29.08,23,62,2.04,ZA,1679325104
16,kloulklubed,7.0419,134.2556,27.28,74,35,7.65,PW,1679325104
17,bluff,-46.6,168.3333,10.19,89,100,15.48,NZ,1679325104
18,vaini,-21.2,-175.2,24.09,94,75,4.12,TO,1679325104
19,butaritari,3.0707,172.7902,26.88,80,16,5.54,KI,1679325105
20,ambo,-10.1308,-76.2047,20.42,58,99,1.43,PE,1679325105
21,vila velha,-20.3297,-40.2925,30.53,73,20,4.12,BR,1679324972
22,torbay,47.6666,-52.7314,1.43,64,84,8.94,CA,1679325105
23,cascavel,-24.9558,-53.4553,26.1,60,7,2.31,BR,1679325106
24,desaguadero,-16.5656,-69.0417,10.27,62,74,2.99,PE,1679325106
25,avarua,-21.2078,-159.775,24.03,94,75,3.6,CK,1679325106
26,ahipara,-35.1667,173.1667,15.5,90,57,2.01,NZ,1679325107
27,pisco,-13.7,-76.2167,23.34,83,31,2.82,PE,1679325107
28,puerto carreno,6.189,-67.4859,33.43,29,71,4.79,CO,1679325107
29,saldanha,-33.0117,17.9442,19.0,66,1,7.35,ZA,1679325107
30,saint-augustin,51.226,-58.6502,-3.45,82,100,12.2,CA,1679325108
31,dukat,62.55,155.55,-32.62,100,95,2.45,RU,1679325108
32,raudeberg,61.9875,5.1352,5.37,76,79,2.78,NO,1679325108
33,hobart,-42.8794,147.3294,10.03,80,40,3.6,AU,1679325109
34,sarangani,5.4033,125.4636,27.8,77,46,9.63,PH,1679325109
35,riverton,40.5219,-111.9391,5.58,86,100,6.71,US,1679325109
36,victoria,22.2855,114.1577,24.55,89,13,0.45,HK,1679324988
37,nikolskoye,59.7035,30.7861,8.94,97,100,3.27,RU,1679325109
38,hithadhoo,-0.6,73.0833,28.53,70,68,1.56,MV,1679325110
39,tabou,4.423,-7.3528,28.04,77,44,4.76,CI,1679325110
40,gushikawa,26.3544,127.8686,21.0,84,40,4.12,JP,1679325110
41,souillac,-20.5167,57.5167,26.17,83,98,2.58,MU,1679325110
42,tigil,57.8,158.6667,-16.16,91,95,1.91,RU,1679325111
43,ostrovnoy,68.0531,39.5131,-1.07,92,89,8.89,RU,1679325111
44,acajutla,13.5928,-89.8275,29.88,52,29,2.32,SV,1679325111
45,baykit,61.67,96.37,-25.22,100,61,0.95,RU,1679325112
46,chokurdakh,70.6333,147.9167,-29.58,93,100,8.42,RU,1679325112
47,bud,39.447,-86.1758,3.81,52,7,5.39,US,1679325112
48,araouane,18.9048,-3.5265,32.81,11,0,4.4,ML,1679325112
49,georgetown,5.4112,100.3354,26.96,89,20,0.0,MY,1679324867
50,quatre cocos,-20.2078,57.7625,27.27,78,40,2.6,MU,1679325113
51,rocha,-34.4833,-54.3333,22.77,80,100,3.58,UY,1679325113
52,carnarvon,-24.8667,113.6333,23.73,78,31,8.02,AU,1679325068
53,aykhal,66.0,111.5,-35.53,100,100,1.63,RU,1679325113
54,gat,31.61,34.7642,17.12,100,30,5.12,IL,1679324941
55,itarema,-2.9248,-39.9167,25.9,81,100,2.99,BR,1679325114
56,leningradskiy,69.3833,178.4167,-11.85,96,100,3.88,RU,1679325114
57,ushuaia,-54.8,-68.3,9.79,76,75,14.92,AR,1679325114
58,cidreira,-30.1811,-50.2056,30.5,51,36,2.61,BR,1679325093
59,meulaboh,4.1363,96.1285,25.84,88,100,1.79,ID,1679325114
60,kazanskaya,45.4106,40.4361,14.02,58,100,3.31,RU,1679325115
61,ishurdi,24.1333,89.0833,21.71,80,97,2.69,BD,1679325115
62,imeni poliny osipenko,52.4201,136.4853,-0.46,97,100,3.8,RU,1679325115
63,yerbogachen,61.2767,108.0108,-32.75,100,76,1.2,RU,1679325116
64,cape town,-33.9258,18.4232,20.62,75,7,4.92,ZA,1679324926
65,punta arenas,-53.15,-70.9167,11.06,53,0,20.06,CL,1679325029
66,takoradi,4.8845,-1.7554,28.67,72,59,5.13,GH,1679324913
67,colares,38.7992,-9.4469,21.55,68,20,5.81,PT,1679325116
68,provideniya,64.3833,-173.3,-3.09,95,100,10.74,RU,1679325116
69,votkinsk,57.0486,53.9872,0.43,99,100,3.65,RU,1679325116
70,busselton,-33.65,115.3333,21.95,56,1,6.63,AU,1679325117
71,thompson,55.7435,-97.8558,-21.95,99,100,1.36,CA,1679325117
72,sorland,67.667,12.6934,1.92,64,75,6.17,NO,1679325117
73,airai,-8.9266,125.4092,15.13,93,75,0.8,TL,1679325119
74,yellowknife,62.456,-114.3525,-18.01,95,80,3.66,CA,1679324995
75,albany,42.6001,-73.9662,4.89,41,0,3.58,US,1679325031
76,vryburg,-26.9566,24.7284,31.04,19,97,7.39,ZA,1679325120
77,mecca,21.4267,39.8261,25.36,26,0,7.58,SA,1679325079
78,kaseda,31.4167,130.3167,15.75,90,100,4.14,JP,1679325120
79,east london,-33.0153,27.9116,28.18,61,100,7.81,ZA,1679325121
80,upernavik,72.7868,-56.1549,-26.69,97,79,5.66,GL,1679325121
81,puro,12.4841,123.3827,23.96,77,37,3.42,PH,1679325121
82,dikson,73.5069,80.5464,-13.43,94,100,3.84,RU,1679325122
83,port elizabeth,-33.918,25.5701,26.17,64,0,9.26,ZA,1679325122
84,castro,-24.7911,-50.0119,26.26,54,87,1.47,BR,1679325122
85,cleves,51.7833,6.15,9.49,76,100,6.09,DE,1679325123
86,narsaq,60.9167,-46.05,5.12,57,100,8.14,GL,1679325123
87,sanchazi,42.0817,126.6003,3.25,82,67,2.67,CN,1679325124
88,touros,-5.1989,-35.4608,29.24,63,34,3.66,BR,1679325068
89,hermanus,-34.4187,19.2345,21.56,61,6,11.73,ZA,1679325124
90,turukhansk,65.8167,87.9833,-13.04,93,100,10.2,RU,1679325124
91,maltahohe,-24.8333,16.9833,31.06,13,83,9.07,NA,1679325125
92,malakal,9.5334,31.6605,37.68,8,95,4.17,SS,1679325125
93,fukue,32.6881,128.8419,14.13,93,100,6.08,JP,1679325125
94,saint-pierre,-21.3393,55.4781,27.82,74,75,3.6,RE,1679325041
95,friedberg,48.3569,10.9846,12.62,62,0,5.66,DE,1679325126
96,hami,42.8,93.45,7.28,32,67,7.89,CN,1679325127
97,stepnogorsk,52.3544,71.8869,-12.09,86,100,3.37,KZ,1679324840
98,new norfolk,-42.7826,147.0587,9.84,66,7,0.69,AU,1679325127
99,college,64.8569,-147.8028,-14.01,80,40,4.12,US,1679325127
100,mudigere,13.1333,75.6333,17.89,55,77,1.02,IN,1679324834
101,kavaratti,10.5669,72.642,28.37,57,100,5.31,IN,1679325128
102,tevaitoa,-16.7833,-151.5,27.47,73,94,3.34,PF,1679325128
103,ximei,24.9639,118.3794,19.86,81,100,0.9,CN,1679325129
104,chuy,-33.6971,-53.4616,23.78,78,88,4.43,UY,1679325129
105,ca mau,9.1769,105.15,25.71,79,26,1.07,VN,1679325130
106,chitrakonda,18.1167,82.0833,21.48,83,9,1.7,IN,1679325130
107,ilulissat,69.2167,-51.1,-2.99,50,40,2.06,GL,1679325130
108,arlit,18.7369,7.3853,36.11,13,65,6.14,NE,1679325131
109,hilo,19.7297,-155.09,26.82,82,74,2.24,US,1679325131
110,buraydah,26.326,43.975,22.37,18,0,8.64,SA,1679325131
111,port hardy,50.6996,-127.4199,5.1,100,100,0.0,CA,1679325132
112,narayanavanam,13.4167,79.5833,26.88,79,98,2.19,IN,1679325132
113,alofi,-19.0595,-169.9187,26.45,79,100,4.89,NU,1679325132
114,ponta do sol,32.6667,-17.1,20.95,72,4,2.09,PT,1679325133
115,portland,45.5234,-122.6762,8.33,89,100,4.47,US,1679324460
116,hambantota,6.1241,81.1185,26.19,100,40,1.54,LK,1679325133
117,port lincoln,-34.7333,135.8667,16.76,79,15,6.23,AU,1679325133
118,hofn,64.2539,-15.2082,-1.99,59,75,9.26,IS,1679325134
119,belomorsk,64.5232,34.7668,1.48,87,100,5.21,RU,1679325134
120,yeroham,30.9872,34.9314,13.96,65,57,8.06,IL,1679325134
121,saumur,47.3333,-0.25,17.16,63,97,3.55,FR,1679325135
122,maragogi,-9.0122,-35.2225,28.47,69,66,3.3,BR,1679325135
123,kaeo,-35.1,173.7833,14.42,93,60,1.67,NZ,1679325135
124,banda aceh,5.5577,95.3222,26.43,84,94,4.59,ID,1679325136
125,lieksa,63.3167,30.0167,0.44,99,100,3.25,FI,1679325136
126,wheeling,42.1392,-87.929,4.99,38,0,9.26,US,1679325063
127,bambous virieux,-20.3428,57.7575,27.34,78,62,2.41,MU,1679325137
128,dingle,10.9995,122.6711,22.56,84,4,2.9,PH,1679325137
129,katsuura,35.1333,140.3,14.96,71,100,5.46,JP,1679325138
130,ocampo,21.65,-101.5,12.03,45,0,2.28,MX,1679325138
131,paita,-5.0892,-81.1144,27.3,69,91,2.29,PE,1679325138
132,fairbanks,64.8378,-147.7164,-14.0,80,0,4.12,US,1679324997
133,saint-philippe,-21.3585,55.7679,27.77,83,66,2.63,RE,1679325139
134,labytnangi,66.6572,66.4183,-7.71,87,91,5.04,RU,1679325139
135,zyryanovsk,49.7386,84.2719,-16.4,95,27,1.48,KZ,1679325139
136,khatanga,71.9667,102.5,-35.86,97,20,1.85,RU,1679325140
137,najran,17.4924,44.1277,24.12,25,0,9.65,SA,1679325140
138,kodiak,57.79,-152.4072,-2.27,86,100,0.0,US,1679325141
139,hobyo,5.3505,48.5268,28.47,73,51,6.26,SO,1679325141
140,puerto suarez,-18.95,-57.8,28.31,78,75,3.6,BO,1679325142
141,tabatinga,-4.2525,-69.9381,29.05,74,0,2.57,BR,1679325143
142,fortuna,40.5982,-124.1573,6.48,94,100,0.89,US,1679325143
143,payo,-3.7508,103.6372,22.02,99,100,2.19,ID,1679325144
144,turbiv,49.3479,28.7212,11.21,56,99,3.36,UA,1679325145
145,cabo san lucas,22.8909,-109.9124,21.95,78,1,2.07,MX,1679325145
146,lagoa,39.05,-27.9833,14.94,84,23,7.02,PT,1679325147
147,abu samrah,35.3029,37.1841,13.78,66,93,4.19,SY,1679325147
148,belmonte,-15.8631,-38.8828,29.04,63,23,2.88,BR,1679325147
149,chokwe,-24.5333,32.9833,29.41,60,6,4.55,MZ,1679324897
150,kalat,29.0225,66.5916,13.68,35,54,3.47,PK,1679325148
151,vestmanna,62.1564,-7.1664,3.51,60,20,5.66,FO,1679325149
152,neiafu,-18.65,-173.9833,23.38,100,100,0.0,TO,1679325149
153,high level,58.5169,-117.136,-7.63,96,100,1.34,CA,1679325014
154,ondjiva,-17.0667,15.7333,25.92,43,83,2.41,AO,1679325150
155,watrous,51.6668,-105.4679,-10.92,96,100,3.35,CA,1679325150
156,aripuana,-9.1667,-60.6333,24.79,88,97,2.17,BR,1679325150
157,yining,29.0361,114.5636,12.57,97,96,0.68,CN,1679325151
158,kiunga,-6.1219,141.2906,22.93,100,100,1.53,PG,1679325151
159,evensk,61.95,159.2333,-19.12,76,54,4.27,RU,1679325151
160,lavrentiya,65.5833,-171.0,-5.51,95,100,12.83,RU,1679325152
161,dunedin,-45.8742,170.5036,12.11,67,73,1.34,NZ,1679325152
162,ketchikan,55.3422,-131.6461,4.99,93,100,4.63,US,1679325153
163,tasiilaq,65.6145,-37.6368,-6.91,71,67,3.23,GL,1679325153
164,poum,-20.2333,164.0167,26.15,69,5,4.3,NC,1679325154
165,terney,45.0503,136.6092,2.45,70,90,2.82,RU,1679325154
166,matara,5.9485,80.5353,25.84,80,100,0.96,LK,1679325154
167,mildura,-34.2,142.15,19.48,41,100,5.31,AU,1679325155
168,tahoua,14.8888,5.2692,36.38,19,78,8.4,NE,1679325155
169,luanda,-8.8368,13.2343,30.0,66,75,6.17,AO,1679325155
170,norman wells,65.282,-126.8329,-4.87,94,100,3.04,CA,1679325156
171,prainha,-1.8,-53.48,31.31,51,77,2.2,BR,1679325085
172,temascalcingo,19.9167,-100.0,12.65,38,0,1.72,MX,1679325156
173,cherskiy,68.75,161.3,-31.59,100,75,3.33,RU,1679325157
174,alegrete,-29.7831,-55.7919,32.15,48,32,2.72,BR,1679325157
175,cesvaine,56.9667,26.3167,8.43,82,92,2.18,LV,1679325157
176,sindor,62.8629,51.8905,-1.86,97,100,4.19,RU,1679325157
177,geraldton,-28.7667,114.6,22.23,88,100,2.57,AU,1679325158
178,nanortalik,60.1432,-45.2371,0.51,68,100,4.73,GL,1679325158
179,mantua,45.1667,10.7833,17.97,64,86,0.89,IT,1679325158
180,arraial do cabo,-22.9661,-42.0278,30.92,62,0,6.69,BR,1679325159
181,naze,28.3667,129.4833,18.3,77,100,5.35,JP,1679325159
182,arman,59.7,150.1667,-18.7,82,50,3.8,RU,1679325159
183,guipavas,48.4352,-4.3972,13.0,82,100,8.75,FR,1679325160
184,klaksvik,62.2266,-6.589,4.51,73,100,9.08,FO,1679325160
185,turayf,31.6725,38.6637,10.31,66,100,7.31,SA,1679325160
186,igrim,63.1906,64.4162,-5.66,95,17,1.78,RU,1679325161
187,abu zabad,12.35,29.25,35.3,8,98,6.85,SD,1679325161
188,barrow,71.2906,-156.7887,-14.99,85,100,4.12,US,1679325161
189,conceicao do araguaia,-8.2578,-49.2647,25.44,77,100,0.79,BR,1679325154
190,iqaluit,63.7506,-68.5145,-26.84,68,8,12.96,CA,1679325162
191,anadyr,64.75,177.4833,-13.72,84,75,8.0,RU,1679325162
192,pangody,65.85,74.4859,-4.32,90,100,8.14,RU,1679325162
193,harper,4.375,-7.7169,28.8,70,33,4.64,LR,1679325163
194,tuatapere,-46.1333,167.6833,9.32,92,100,8.27,NZ,1679325163
195,nago,26.5881,127.9761,21.47,88,99,5.71,JP,1679325164
196,san lorenzo,-25.3333,-57.5333,30.52,58,0,2.06,PY,1679325164
197,toropets,56.4978,31.6353,1.88,100,100,3.24,RU,1679325166
198,manzhouli,49.6,117.4333,-3.24,86,94,1.85,CN,1679325166
199,aklavik,68.2191,-135.0107,-11.77,90,100,3.84,CA,1679325167
200,esperance,-33.8667,121.9,18.65,76,67,9.08,AU,1679325167
201,gasa,31.5,34.4667,16.04,72,15,6.04,PS,1679324949
202,yaan,7.3833,8.5667,36.19,30,39,1.05,NG,1679325168
203,bubaque,11.2833,-15.8333,24.54,80,4,4.8,GW,1679325168
204,bethel,41.3712,-73.414,6.37,44,0,4.12,US,1679325168
205,tiksi,71.6872,128.8694,-31.16,94,97,4.9,RU,1679325169
206,rawson,-43.3002,-65.1023,17.96,34,21,5.32,AR,1679325071
207,dauriya,49.9333,116.8667,-6.98,96,89,0.43,RU,1679325169
208,port hawkesbury,45.6169,-61.3485,2.32,47,12,8.05,CA,1679325169
209,steinbach,50.1667,8.5667,14.24,54,40,6.17,DE,1679325170
210,piacabucu,-10.4056,-36.4344,28.55,69,100,3.94,BR,1679324886
211,avera,33.194,-82.5271,6.73,37,7,3.96,US,1679325170
212,sherlovaya gora,50.5667,116.25,-8.54,98,99,1.23,RU,1679325170
213,wageningen,51.9667,5.6667,9.47,92,75,4.63,NL,1679325171
214,el porvenir,13.7617,-87.3458,26.7,54,99,1.84,HN,1679325171
215,ribeira grande,38.5167,-28.7,17.22,77,40,6.26,PT,1679325171
216,wucheng,29.6008,118.175,14.63,98,100,0.2,CN,1679325171
217,sisimiut,66.9395,-53.6735,-5.27,78,66,2.61,GL,1679325172
218,tura,25.5198,90.2201,16.95,96,100,1.27,IN,1679325172
219,chernushka,56.5072,56.0766,-1.11,98,100,4.18,RU,1679325172
220,antalaha,-14.9003,50.2788,26.29,82,99,3.47,MG,1679325173
221,zhigansk,66.7697,123.3711,-31.53,100,99,1.92,RU,1679325173
222,kapaa,22.0752,-159.319,21.18,82,75,1.54,US,1679325173
223,salalah,17.0151,54.0924,28.05,78,75,3.09,OM,1679324747
224,phan thiet,10.9333,108.1,24.27,87,23,3.06,VN,1679325173
225,nouadhibou,20.931,-17.0347,17.65,80,0,8.36,MR,1679325174
226,jambi,-1.6,103.6167,23.79,93,100,1.47,ID,1679325174
227,sinazongwe,-17.2614,27.4618,28.72,62,74,3.38,ZM,1679325174
228,saint george,37.1041,-113.5841,8.02,86,100,1.54,US,1679325174
229,kuching,1.55,110.3333,26.13,92,20,1.54,MY,1679324951
230,kismayo,-0.3582,42.5454,27.99,72,8,5.39,SO,1679325175
231,saskylakh,71.9167,114.0833,-39.42,100,47,1.85,RU,1679325175
232,clyde river,70.4692,-68.5914,-24.89,91,99,2.57,CA,1679325175
233,maryville,35.7565,-83.9705,3.98,50,0,4.63,US,1679325176
234,axim,4.8699,-2.2405,29.91,65,45,4.77,GH,1679325176
235,smirnykh,49.75,142.8333,-5.24,97,42,0.86,RU,1679325176
236,gonzales,30.2385,-90.9201,7.77,53,0,2.57,US,1679325036
237,bathsheba,13.2167,-59.5167,30.34,54,40,11.83,BB,1679325177
238,matamoros,25.5333,-103.25,8.39,59,20,0.0,MX,1679324883
239,moranbah,-22.0016,148.0466,22.71,87,0,6.76,AU,1679325177
240,karratha,-20.7377,116.8463,31.27,56,56,1.93,AU,1679325177
241,sampit,-2.5333,112.95,22.37,99,100,0.96,ID,1679325177
242,mar del plata,-38.0023,-57.5575,22.13,61,0,5.66,AR,1679325178
243,taft,31.7471,54.2088,21.97,13,40,2.06,IR,1679325178
244,lasa,46.6166,10.7002,15.38,71,82,1.56,IT,1679325178
245,solnechnyy,50.7214,136.6319,-3.81,94,32,1.85,RU,1679325178
246,mareeba,-17.0,145.4333,23.58,89,80,1.19,AU,1679325179
247,saint-joseph,-21.3667,55.6167,27.21,83,55,2.44,RE,1679325179
248,olkhovka,53.2115,60.6069,-8.39,86,23,3.14,RU,1679325179
249,mill valley,37.906,-122.545,9.85,86,71,0.89,US,1679325180
250,guerrero negro,27.9769,-114.0611,16.5,70,100,0.65,MX,1679325180
251,bengkulu,-3.8004,102.2655,24.79,90,100,2.72,ID,1679325180
252,rincon,32.296,-81.2354,9.98,46,40,2.57,US,1679325180
253,cayenne,4.9333,-52.3333,29.02,70,75,6.69,GF,1679325022
254,westport,41.1415,-73.3579,7.07,44,0,5.66,US,1679325167
255,ahvaz,31.3203,48.6693,25.97,24,0,1.03,IR,1679325181
256,sao raimundo nonato,-9.0153,-42.6994,28.95,61,19,1.98,BR,1679325181
257,burnie,-41.0667,145.9167,12.47,80,68,4.56,AU,1679325181
258,bochnia,49.9691,20.4303,15.21,64,87,3.94,PL,1679325182
259,faanui,-16.4833,-151.75,27.97,70,100,3.88,PF,1679325182
260,dillon,34.4166,-79.3712,7.71,41,100,4.37,US,1679325183
261,podporozhye,60.9112,34.1706,2.72,97,100,3.46,RU,1679325183
262,prieska,-29.6641,22.7474,30.82,17,100,10.14,ZA,1679325183
263,severo-kurilsk,50.6789,156.125,-2.93,63,88,14.5,RU,1679325184
264,grootfontein,-19.5667,18.1167,27.75,30,92,4.48,NA,1679325184
265,muros,42.7762,-9.0603,19.27,73,100,4.34,ES,1679325185
266,cuervos,32.6314,-114.8556,17.49,51,81,0.84,MX,1679325185
267,port macquarie,-31.4333,152.9167,20.5,92,100,5.52,AU,1679325186
268,pucallpa,-8.3791,-74.5539,22.73,99,100,0.54,PE,1679325186
269,tuktoyaktuk,69.4541,-133.0374,-10.96,92,100,3.91,CA,1679325188
270,mahebourg,-20.4081,57.7,27.36,79,77,2.34,MU,1679325189
271,mitsamiouli,-11.3847,43.2844,28.27,72,100,2.82,KM,1679325191
272,nanakuli,21.3906,-158.1547,22.97,78,0,2.06,US,1679325192
273,husavik,66.0449,-17.3389,-6.18,72,19,3.92,IS,1679325192
274,sayyan,15.1718,44.3244,16.52,40,1,5.84,YE,1679325192
275,kieta,-6.2167,155.6333,25.83,79,77,1.71,PG,1679325193
276,isangel,-19.55,169.2667,25.16,80,96,6.9,VU,1679325194
277,luderitz,-26.6481,15.1594,20.64,64,0,5.82,NA,1679325194
278,sal rei,16.1833,-22.9167,25.11,61,20,7.72,CV,1679325194
279,port hedland,-20.3167,118.5667,31.03,79,93,3.6,AU,1679325195
280,lincoln,40.8,-96.667,7.86,55,0,5.66,US,1679324899
281,jamestown,42.097,-79.2353,1.97,52,0,4.63,US,1679324952
282,pocatello,42.8713,-112.4455,3.04,88,100,4.92,US,1679325196
283,mackay,-21.15,149.2,25.93,81,17,8.9,AU,1679325196
284,bridlington,54.0831,-0.1919,13.27,93,100,3.56,GB,1679325197
285,general roca,-39.0333,-67.5833,21.46,41,72,3.02,AR,1679325197
286,kjopsvik,68.097,16.3742,1.93,80,100,2.76,NO,1679325198
287,berbera,10.4396,45.0143,28.66,68,13,1.65,SO,1679325198
288,namibe,-15.1961,12.1522,26.12,71,28,5.53,AO,1679325199
289,santo antonio do leverger,-15.8656,-56.0767,26.21,95,100,1.95,BR,1679325199
290,svetlyy,54.675,20.1347,6.03,92,100,6.22,RU,1679325200
291,urazovka,55.4013,45.6186,1.66,99,100,1.55,RU,1679325201
292,los llanos de aridane,28.6585,-17.9182,19.86,75,75,6.17,ES,1679325202
293,peniche,39.3558,-9.3811,22.82,68,99,4.02,PT,1679325202
294,taoudenni,22.6783,-3.9836,30.21,14,0,6.81,ML,1679325202
295,kruisfontein,-34.0033,24.7314,24.94,48,2,4.6,ZA,1679325204
296,salinopolis,-0.6136,-47.3561,23.81,92,100,1.4,BR,1679325204
297,kilindoni,-7.9139,39.6668,26.36,77,99,1.01,TZ,1679325205
298,glenwood springs,39.5505,-107.3248,1.86,72,100,5.66,US,1679325058
299,lorengau,-2.0226,147.2712,27.03,80,63,2.75,PG,1679325205
300,tayu,-6.5397,111.0518,25.72,88,100,1.63,ID,1679325206
301,arys,42.4252,68.795,10.93,48,92,4.97,KZ,1679325207
302,guhagar,17.4842,73.1929,24.5,63,0,2.84,IN,1679325207
303,khalilabad,26.775,83.0736,19.53,82,100,2.3,IN,1679325139
304,khudumelapye,-23.8833,24.75,34.59,14,8,4.56,BW,1679325208
305,longyearbyen,78.2186,15.6401,-17.09,55,40,6.69,SJ,1679325101
306,agadez,19.75,10.25,36.53,6,55,7.04,NE,1679325208
307,antofagasta,-23.65,-70.4,23.6,64,41,2.86,CL,1679325169
308,sussex,41.1834,-74.6663,5.75,44,0,3.09,US,1679325209
309,powell,40.1578,-83.0752,3.43,56,0,6.17,US,1679325122
310,maputo,-25.9653,32.5892,28.82,78,20,5.66,MZ,1679325210
311,soyo,-6.1349,12.3689,28.82,63,100,3.13,AO,1679325212
312,hualmay,-11.0964,-77.6139,25.07,73,98,2.6,PE,1679325213
313,mayo,38.8876,-76.5119,6.64,39,0,2.57,US,1679325213
314,biltine,14.5333,20.9167,35.86,12,100,4.14,TD,1679325214
315,fallon,39.4735,-118.7774,5.93,60,0,4.63,US,1679325038
316,nampula,-15.1165,39.2666,23.41,94,91,2.31,MZ,1679325214
317,sao joaquim,-28.2939,-49.9317,24.64,49,9,2.62,BR,1679325215
318,boa vista,2.8197,-60.6733,30.99,45,0,6.69,BR,1679324969
319,ancud,-41.8697,-73.8203,12.64,65,100,1.47,CL,1679325215
320,otane,-39.8833,176.6333,18.89,86,98,0.38,NZ,1679325216
321,sobolevo,54.4299,31.8996,1.66,95,100,2.29,RU,1679325216
322,sokolka,53.4072,23.5023,14.81,52,88,3.14,PL,1679325154
323,the valley,18.217,-63.0578,27.92,78,75,8.23,AI,1679325216
324,kinkala,-4.3614,14.7644,26.56,69,100,1.74,CG,1679325217
325,zwedru,6.0667,-8.1281,35.29,36,41,1.98,LR,1679325217
326,bandarbeyla,9.4942,50.8122,27.26,80,100,6.94,SO,1679325217
327,badarpur,24.9,92.6,18.61,94,73,1.62,IN,1679325218
328,alta floresta,-9.8756,-56.0861,25.12,82,99,2.05,BR,1679325218
329,nabire,-3.3667,135.4833,24.89,91,100,1.17,ID,1679325218
330,maiduguri,11.8464,13.1603,37.48,9,53,1.43,NG,1679325219
331,nome,64.5011,-165.4064,-4.91,93,100,14.4,US,1679325219
332,honningsvag,70.9821,25.9704,-2.14,64,75,10.8,NO,1679325219
333,ixtapa,20.7,-105.2,22.9,77,0,2.57,MX,1679325220
334,presidencia roque saenz pena,-26.7852,-60.4388,34.56,37,0,3.18,AR,1679325220
335,san borja,-14.8167,-66.85,28.24,72,95,1.67,BO,1679325220
336,oktyabrskoye,43.0645,44.7417,9.08,93,100,3.0,RU,1679325220
337,denpasar,-8.65,115.2167,27.81,88,20,1.54,ID,1679325035
338,skelleftea,64.7507,20.9528,4.2,45,0,5.66,SE,1679325221
339,biak,-0.9131,122.8766,25.07,86,100,0.53,ID,1679325221
340,lubbock,33.6001,-101.8338,6.88,67,40,7.72,US,1679325037
341,hamilton,39.1834,-84.5333,4.22,52,0,4.63,US,1679324964
342,marrakesh,31.6315,-8.0083,25.04,20,0,2.57,MA,1679325167
343,ligayan,4.6533,119.4706,27.97,73,85,0.43,PH,1679325222
344,illela,13.7292,5.2975,35.22,25,90,6.89,NG,1679325222
345,jalu,29.0331,21.5482,25.15,18,2,3.37,LY,1679325222
346,aldan,58.6031,125.3894,-13.98,97,100,2.41,RU,1679325222
347,nishihara,26.1842,127.7558,21.03,86,40,6.69,JP,1679325223
348,chumikan,54.7183,135.315,-5.7,98,82,0.38,RU,1679325223
349,tibiao,11.2915,122.0354,24.82,66,1,2.71,PH,1679325223
350,rodino,52.5,80.25,-11.76,89,100,2.97,RU,1679325224
351,kaitangata,-46.2817,169.8464,10.82,95,100,11.69,NZ,1679325224
352,gwadar,25.1216,62.3254,24.82,64,0,1.84,PK,1679325224
353,nelson bay,-32.7167,152.15,22.27,75,100,4.92,AU,1679325225
354,susangerd,31.5608,48.1831,23.1,26,0,2.88,IR,1679325225
355,gomel,52.4345,30.9754,10.99,40,0,2.0,BY,1679325061
356,san juan,-31.5375,-68.5364,22.83,60,94,2.39,AR,1679325000
357,zhoucun,36.8167,117.8167,11.59,42,98,2.66,CN,1679325225
358,paracuru,-3.41,-39.0306,26.17,82,100,1.97,BR,1679325226
359,adana,36.985,35.2881,18.29,63,75,5.66,TR,1679324801
360,mga,59.75,31.0667,8.96,97,100,3.34,RU,1679325226
361,kathmandu,27.7167,85.3167,13.12,89,75,2.06,NP,1679324996
362,privolzhskiy,51.4,46.0333,9.61,47,43,2.8,RU,1679325226
363,magadan,59.5667,150.8,-15.23,80,98,2.83,RU,1679325227
364,hay river,60.8156,-115.7999,-13.19,97,99,3.0,CA,1679325147
365,broken hill,-31.95,141.4333,21.63,27,74,8.67,AU,1679325227
366,abnub,27.2696,31.1511,22.35,24,0,6.76,EG,1679325227
367,sao jose da coroa grande,-8.8978,-35.1478,28.18,70,59,2.95,BR,1679325227
368,sao gabriel da cachoeira,-0.1303,-67.0892,31.53,54,93,1.57,BR,1679325228
369,havelock,34.8791,-76.9013,7.97,60,100,7.72,US,1679325228
370,griffith,41.5284,-87.4237,4.59,50,0,8.23,US,1679325228
371,cacoal,-11.4386,-61.4472,22.63,98,100,2.63,BR,1679325229
372,vestmannaeyjar,63.4427,-20.2734,0.55,74,75,15.43,IS,1679325229
373,sitka,57.0531,-135.33,2.94,93,100,0.0,US,1679325229
374,tuni,17.35,82.55,25.07,81,23,1.49,IN,1679325229
375,codrington,-38.2667,141.9667,12.14,79,100,3.44,AU,1679325230
376,taltal,-25.4,-70.4833,22.81,71,7,2.49,CL,1679325230
377,sibu,2.3,111.8167,22.71,97,100,1.22,MY,1679325230
378,ippy,6.2679,21.2247,26.45,57,84,2.31,CF,1679325230
379,belle fourche,44.6714,-103.8522,4.13,77,65,4.32,US,1679325231
380,den helder,52.9599,4.7593,8.9,99,100,7.6,NL,1679324997
381,catuday,16.2923,119.8062,24.57,75,84,2.3,PH,1679325231
382,perth,-31.9333,115.8333,30.0,29,0,9.77,AU,1679325231
383,sabang,5.8933,95.3214,28.06,75,97,5.47,ID,1679325231
384,saint-louis,16.3333,-15.0,38.08,9,0,5.29,SN,1679325232
385,tefe,-3.3542,-64.7114,31.06,66,0,1.54,BR,1679325233
386,serrana,-21.2114,-47.5956,29.97,58,56,0.67,BR,1679325233
387,bulata,9.8599,122.4016,25.66,82,54,6.18,PH,1679325234
388,middleton,53.55,-2.2,16.06,82,100,2.97,GB,1679325205
389,tijara,27.9333,76.85,16.48,88,100,2.22,IN,1679325235
390,victor harbor,-35.5667,138.6167,17.04,72,100,4.21,AU,1679325235
391,punta de bombon,-17.1717,-71.7931,24.23,79,55,2.64,PE,1679325235
392,sydney mines,46.2367,-60.2177,1.14,53,21,8.05,CA,1679325236
393,puerto del rosario,28.5004,-13.8627,21.86,60,20,7.72,ES,1679325237
394,atasu,48.6814,71.6433,-11.95,81,13,4.48,KZ,1679324970
395,rio brilhante,-21.8019,-54.5464,26.06,80,2,2.99,BR,1679325237
396,port-gentil,-0.7193,8.7815,31.98,62,20,4.12,GA,1679325239
397,mandalgovi,45.7625,106.2708,2.13,58,100,2.3,MN,1679325239
398,bjornevatn,69.6672,29.9847,-1.81,80,75,8.75,NO,1679325239
399,cap malheureux,-19.9842,57.6142,27.48,77,13,0.45,MU,1679325240
400,stokmarknes,68.5646,14.9108,0.99,86,75,6.17,NO,1679325240
401,pattoki,31.0167,73.85,21.78,48,73,5.17,PK,1679325240
402,sao filipe,14.8961,-24.4956,22.84,77,8,3.29,CV,1679325241
403,pietarsaari,63.65,22.6833,2.78,58,100,0.89,FI,1679325241
404,kigoma,-4.8769,29.6267,25.06,71,100,1.06,TZ,1679325241
405,kahului,20.8947,-156.47,24.36,88,0,1.34,US,1679325143
406,hays,30.0502,-98.0336,9.49,71,100,2.24,US,1679325242
407,roald,62.5833,6.1333,7.51,81,75,2.57,NO,1679325243
408,moose factory,51.2585,-80.6094,-16.01,85,100,4.12,CA,1679325243
409,tommot,58.9564,126.2925,-13.46,96,100,1.83,RU,1679325244
410,barinas,8.6226,-70.2075,32.75,27,70,4.07,VE,1679325244
411,kavieng,-2.5744,150.7967,27.46,71,97,3.64,PG,1679325245
412,roma,43.2128,-75.4557,3.71,51,0,4.63,US,1679325244
413,caldono,2.7974,-76.4832,20.58,68,91,1.68,CO,1679325245
414,antigonish,45.6169,-61.9986,1.19,48,2,4.92,CA,1679325246
415,carupano,10.6678,-63.2585,27.2,67,85,6.9,VE,1679325246
416,adrar,20.5022,-10.0711,31.49,10,0,2.54,MR,1679325247
417,bay roberts,47.5999,-53.2648,1.85,70,99,9.39,CA,1679325247
418,dubai,25.2582,55.3047,27.96,28,0,4.12,AE,1679325073
419,baglung,28.2719,83.5898,13.52,94,100,0.52,NP,1679325248
420,suleja,9.1758,7.1808,31.96,38,93,3.44,NG,1679325248
421,usinsk,65.9939,57.5281,-3.87,93,98,6.6,RU,1679325249
422,norden,53.6,7.2,8.33,96,100,0.45,DE,1679325250
423,tucuman,-26.8241,-65.2226,32.0,51,20,3.09,AR,1679325250
424,cuamba,-14.8031,36.5372,24.27,91,100,1.21,MZ,1679325250
425,ciudad bolivar,8.1222,-63.5497,31.84,39,25,4.97,VE,1679325251
426,podgorenskiy,50.405,39.6429,8.07,80,92,1.05,RU,1679325251
427,rio grande,-32.035,-52.0986,25.06,66,30,4.77,BR,1679325252
428,budrio,44.5371,11.5336,14.06,83,75,1.54,IT,1679325252
429,pevek,69.7008,170.3133,-21.31,90,97,3.14,RU,1679325253
430,jumla,29.2747,82.1838,6.22,99,100,1.17,NP,1679325254
431,dakar,14.6937,-17.4441,33.49,76,0,6.43,SN,1679325254
432,vizinga,61.0749,50.1031,-0.47,90,98,3.85,RU,1679325255
433,maymyo,22.0333,96.4667,19.91,42,100,0.55,MM,1679325259
434,alpena,45.0617,-83.4327,2.84,56,100,5.14,US,1679325259
435,itabaiana,-10.685,-37.4253,28.91,62,100,3.81,BR,1679325260
436,ambilobe,-13.2,49.05,25.72,87,95,0.6,MG,1679325261
437,khuzhir,53.1939,107.3397,-6.29,66,100,7.96,RU,1679325261
438,mpika,-11.8343,31.4529,20.64,89,100,2.74,ZM,1679325262
439,haines junction,60.7522,-137.5108,-8.76,96,100,1.38,CA,1679325262
440,waingapu,-9.6567,120.2641,25.71,86,93,2.01,ID,1679325262
441,elbrus,43.2577,42.6443,3.61,98,100,1.21,RU,1679325263
442,udachnyy,66.4167,112.4,-37.01,100,97,1.39,RU,1679325265
443,beloha,-25.1667,45.05,24.85,79,9,7.21,MG,1679325266
444,laramie,41.3114,-105.5911,-0.58,57,100,2.57,US,1679325015
445,americus,32.0724,-84.2327,4.64,41,0,2.57,US,1679325016
446,milas,37.3164,27.7839,20.64,40,0,3.6,TR,1679325267
447,shelburne,44.0787,-80.2041,0.5,73,11,7.54,CA,1679325268
448,canmore,51.0834,-115.3521,-5.34,100,100,0.99,CA,1679325269
449,khani,41.9563,42.9566,4.76,99,100,1.58,GE,1679325269
450,severobaykalsk,55.65,109.3167,-8.52,71,100,5.71,RU,1679325270
451,beian,63.6559,9.5683,3.89,81,40,8.23,NO,1679325271
452,san cristobal,7.7669,-72.225,23.1,40,71,1.93,VE,1679325272
453,seydi,39.4816,62.9137,18.78,23,0,2.15,TM,1679325273
454,barra do garcas,-15.89,-52.2567,22.6,94,100,2.12,BR,1679325273
455,gambela,8.25,34.5833,38.26,15,11,2.99,ET,1679325273
456,drexel heights,32.1412,-111.0284,16.35,38,0,5.14,US,1679324999
457,grindavik,63.8424,-22.4338,4.26,45,0,8.75,IS,1679325274
458,rairangpur,22.2676,86.1751,24.15,51,63,2.92,IN,1679325274
459,constitucion,-35.3333,-72.4167,21.78,36,63,1.98,CL,1679325274
460,yar-sale,66.8333,70.8333,-10.97,88,26,4.55,RU,1679325275
461,tautira,-17.7333,-149.15,27.08,80,98,5.02,PF,1679325275
462,yulara,-25.2406,130.9889,27.22,29,70,3.93,AU,1679325276
463,ekhabi,53.5102,142.9671,-7.8,92,58,3.98,RU,1679325276
464,derzhavinsk,51.1,66.3167,-13.16,89,21,3.7,KZ,1679325276
465,novyy urgal,51.0736,132.5642,-6.33,98,78,0.81,RU,1679325277
466,buchanan,5.8808,-10.0467,29.65,68,82,4.91,LR,1679325277
467,auki,-8.7676,160.7034,25.62,87,79,2.02,SB,1679325277
468,parrita,9.5201,-84.3225,30.7,57,10,0.47,CR,1679325277
469,trojes,41.756,19.962,14.27,65,100,1.69,AL,1679325278
470,elk point,42.6833,-96.6836,-0.09,73,5,3.87,US,1679325278
471,kabompo,-13.5927,24.2008,20.47,81,93,2.74,ZM,1679325278
472,la ronge,55.1001,-105.2842,-15.19,94,100,3.62,CA,1679325279
473,bilma,18.6853,12.9164,36.57,7,89,2.87,NE,1679325279
474,freeport,40.6576,-73.5832,6.65,46,0,5.14,US,1679325280
475,mozhaysk,55.5019,36.0272,0.06,94,100,1.64,RU,1679325281
476,bambanglipuro,-7.95,110.2833,25.16,92,100,2.45,ID,1679325281
477,porto novo,6.4965,2.6036,31.34,54,44,4.47,BJ,1679325282
478,requena,39.4883,-1.1004,18.07,17,75,3.05,ES,1679325282
479,troina,37.7854,14.5985,8.84,59,92,1.02,IT,1679325283
480,maniitsoq,65.4167,-52.9,-1.57,77,83,2.14,GL,1679325283
481,san quintin,30.4833,-115.95,15.07,75,98,1.3,MX,1679325284
482,kudahuvadhoo,2.6708,72.8944,28.2,75,87,4.75,MV,1679325284
483,collie,-33.3667,116.15,21.91,48,0,4.81,AU,1679325284
484,jacqueville,5.2052,-4.4146,27.9,78,35,5.9,CI,1679325284
485,falam,22.9167,93.6833,12.53,84,99,1.59,MM,1679325285
486,tortoli,39.9256,9.6572,16.21,65,42,3.54,IT,1679325285
487,weiser,44.251,-116.9693,5.11,93,100,0.72,US,1679325285
488,sagua de tanamo,20.5819,-75.2414,29.85,54,3,0.25,CU,1679325286
489,barstow,34.8986,-117.0228,9.55,78,99,6.54,US,1679325286
490,half moon bay,37.4636,-122.4286,10.17,91,100,2.06,US,1679325286
491,kotagiri,11.4333,76.8833,20.04,64,95,1.43,IN,1679325287
492,camocim,-2.9022,-40.8411,24.97,86,100,1.7,BR,1679325287
493,kupang,-10.1667,123.5833,25.6,87,100,3.95,ID,1679325287
494,labuhan,-6.8844,112.2051,25.52,86,100,0.49,ID,1679325287
495,ust-maya,60.4167,134.5333,-23.85,97,97,1.09,RU,1679325288
496,azuaga,38.2667,-5.6833,22.2,29,78,1.29,ES,1679325288
497,dubbo,-32.25,148.6167,20.07,68,48,8.75,AU,1679325288
498,trinidad,-14.8333,-64.9,26.31,82,99,1.59,BO,1679325130
499,yuzhnyy,53.2542,83.6936,-9.79,41,0,4.0,RU,1679325289
500,whitianga,-36.8333,175.7,15.18,89,92,2.08,NZ,1679325289
501,puerto gaitan,4.3133,-72.0816,32.02,29,100,7.67,CO,1679325261
502,alamogordo,32.8995,-105.9603,11.98,81,100,4.12,US,1679325107
503,coffs harbour,-30.3,153.1333,22.85,94,100,5.66,AU,1679325187
504,christchurch,-43.5333,172.6333,18.11,41,0,8.75,NZ,1679325289
505,vila franca do campo,37.7167,-25.4333,16.23,62,82,3.01,PT,1679325290
506,bandarawela,6.8305,80.9888,17.61,91,95,0.83,LK,1679325290
507,amta,22.58,88.0083,23.96,79,78,2.79,IN,1679325290
508,marion,39.7684,-86.1555,4.01,49,20,7.2,US,1679325111
509,flin flon,54.7682,-101.865,-17.67,97,100,2.68,CA,1679325290
510,henties bay,-22.116,14.2845,19.66,72,7,6.83,NA,1679325291
511,sunnyside,46.3237,-120.0087,7.69,96,100,0.0,US,1679325206
512,sterling,39.0062,-77.4286,6.79,36,0,2.06,US,1679325104
513,bismil,37.8486,40.6658,11.85,82,94,1.86,TR,1679325291
514,chicama,-7.8447,-79.1469,26.78,71,76,2.29,PE,1679325291
515,kedougou,12.5579,-12.1743,39.73,12,0,2.26,SN,1679325292
516,isla mujeres,21.2311,-86.731,23.03,72,97,8.84,MX,1679325292
517,kerema,-7.9631,145.7785,25.69,86,100,1.46,PG,1679325292
518,russell,32.3502,-85.1999,5.54,41,0,3.09,US,1679325293
519,uyuni,-20.4597,-66.825,14.3,34,57,5.05,BO,1679325293
520,hovd,48.0056,91.6419,-11.01,59,96,5.54,MN,1679325293
521,abha,18.2164,42.5053,15.14,63,40,8.23,SA,1679325086
522,porto belo,-27.1578,-48.5531,34.88,60,46,2.17,BR,1679325293
523,kamenka,51.3223,42.7678,11.63,50,96,2.73,RU,1679325294
524,mineiros,-17.5694,-52.5511,20.25,90,100,3.34,BR,1679325294
525,kirakira,-10.4544,161.9205,26.3,84,99,1.99,SB,1679325294
526,kommunar,59.6206,30.39,8.74,96,100,3.55,RU,1679325295
527,tshikapa,-6.4167,20.8,29.29,59,80,1.2,CD,1679325295
528,marsa matruh,31.3525,27.2453,16.47,65,41,4.98,EG,1679325295
529,middle island,40.8843,-72.9373,6.58,46,0,3.6,US,1679325295
530,donskoye,45.4552,41.9741,15.07,56,100,3.59,RU,1679325296
531,maua,-23.6678,-46.4614,30.16,51,0,1.51,BR,1679325264
532,aljezur,37.3191,-8.8033,19.97,53,33,2.76,PT,1679325296
533,khaniotis,39.9991,23.58,15.06,58,100,2.56,GR,1679325296
534,west plains,36.7281,-91.8524,5.12,51,0,5.14,US,1679325297
535,ovalle,-30.5983,-71.2003,22.9,69,63,2.09,CL,1679325297
536,bowen,-20.0167,148.2333,25.96,84,37,7.74,AU,1679325297
537,faya,18.3851,42.4509,15.29,29,47,6.11,SA,1679325297
538,padang,-0.9492,100.3543,24.03,89,100,0.6,ID,1679325298
539,mount gambier,-37.8333,140.7667,12.53,64,100,4.0,AU,1679325298
540,davila,18.4726,120.5763,23.99,77,100,1.08,PH,1679325298
541,mehamn,71.0357,27.8492,-1.05,64,75,11.83,NO,1679325298
542,sungairaya,0.7,108.9,23.91,92,100,1.8,ID,1679325299
543,coihaique,-45.5752,-72.0662,11.34,58,0,0.0,CL,1679325299
544,poso,-1.3959,120.7524,25.31,90,100,2.11,ID,1679325299
545,noumea,-22.2763,166.4572,20.99,73,7,4.03,NC,1679325299
546,prince rupert,54.3161,-130.3201,3.81,88,100,1.88,CA,1679325023
547,assiniboia,49.6334,-105.9845,-12.52,98,96,2.63,CA,1679325300
548,ganzhou,28.8184,115.4327,14.29,96,95,1.24,CN,1679325300
549,manasa,24.4837,75.2687,22.86,45,54,2.53,IN,1679325300
550,mamallapuram,12.6264,80.1722,27.03,82,100,4.07,IN,1679325301
551,plettenberg bay,-34.0527,23.3716,20.92,68,17,1.12,ZA,1679325301
552,sao joao da barra,-21.6403,-41.0511,31.05,76,8,5.4,BR,1679325301
553,trincomalee,8.5711,81.2335,26.5,80,82,3.52,LK,1679325302
554,port pirie,-33.1833,138.0167,21.15,61,91,2.53,AU,1679325303
555,makat,47.6469,53.3463,10.8,44,30,4.62,KZ,1679325304
556,komsomolskiy,40.4272,71.7189,13.4,62,100,1.03,UZ,1679325305
557,ijero,6.4819,3.3803,29.84,61,54,5.03,NG,1679325305
558,marevo,57.3146,32.0804,2.74,99,100,3.75,RU,1679325306
559,palimbang,6.2106,124.1894,26.46,87,98,0.98,PH,1679325307
560,paamiut,61.994,-49.6678,-0.66,67,84,2.75,GL,1679325307
561,pochutla,15.7432,-96.4661,26.9,47,72,1.51,MX,1679325308
562,urumqi,43.801,87.6005,-0.47,86,75,4.0,CN,1679325108
563,la asuncion,11.0333,-63.8628,25.9,72,85,8.15,VE,1679325309
564,mantamados,39.3117,26.3339,16.03,72,27,3.07,GR,1679325310
565,porbandar,21.6422,69.6093,25.31,74,34,4.18,IN,1679325310
566,katobu,-4.9408,122.5276,24.27,93,100,1.73,ID,1679325311
567,along,28.1667,94.7667,16.13,97,95,0.93,IN,1679325312
568,thinadhoo,0.5333,72.9333,28.33,74,83,2.93,MV,1679325312
569,gigmoto,13.7796,124.39,23.6,80,100,2.28,PH,1679325313
570,lompoc,34.6391,-120.4579,11.96,88,100,1.34,US,1679325314
571,sangar,63.9242,127.4739,-37.17,99,67,1.72,RU,1679325314
572,zaysan,47.4667,84.8667,-8.64,45,0,2.45,KZ,1679325314
